id,first_name,last_name,email,gender,ip_address
1,Marigold,Patrick,mpatrick0@wikipedia.org,Female,125.0.40.225
2,Federica,Kelledy,fkelledy1@jugem.jp,Female,16.240.15.149
3,Bail,Pepperd,bpepperd2@yandex.ru,Male,117.202.118.147
4,Harriot,Cavan,hcavan3@wsj.com,Female,154.178.32.207
5,Ramon,De Nisco,rdenisco4@sohu.com,Male,176.6.103.173
6,Janis,Dowse,jdowse5@gravatar.com,Female,156.146.53.250
7,Victor,Themann,vthemann6@nps.gov,Male,190.75.236.32
8,Timmy,Epdell,tepdell7@nbcnews.com,Female,78.84.136.226
9,Yorgos,Dyhouse,ydyhouse8@go.com,Male,26.24.127.191
10,Ody,Ritmeier,oritmeier9@rediff.com,Male,104.152.101.212
11,Desmond,Wrates,dwratesa@youtube.com,Male,215.104.205.34
12,Chase,Bendan,cbendanb@sina.com.cn,Male,169.225.109.121
13,Hershel,Huxton,hhuxtonc@zimbio.com,Male,254.145.234.242
14,Zacharias,Ghio,zghiod@zdnet.com,Male,17.140.180.22
15,Ogdon,Tarbet,otarbete@fastcompany.com,Male,188.58.216.76
16,Fred,Vlasenko,fvlasenkof@com.com,Male,36.169.149.127
17,Madelene,Halliwell,mhalliwellg@ameblo.jp,Female,26.223.219.199
18,Grier,Mallabone,gmallaboneh@zimbio.com,Female,41.109.185.90
19,Crystal,Scones,csconesi@yale.edu,Female,1.209.222.48
20,Dietrich,Gilliard,dgilliardj@163.com,Male,227.1.84.96
21,Hobie,Jumonet,hjumonetk@go.com,Male,186.125.73.137
22,Marvin,Grutchfield,mgrutchfieldl@cafepress.com,Male,128.192.68.224
23,Margaret,Jeanon,mjeanonm@wsj.com,Female,202.82.220.217
24,Sapphira,Wedmore,swedmoren@kickstarter.com,Polygender,54.156.242.101
25,Garnette,le Keux,glekeuxo@digg.com,Female,175.251.21.205
26,Judd,Gorden,jgordenp@deviantart.com,Male,120.92.147.177
27,Corbett,Hurl,churlq@weather.com,Male,69.254.47.64
28,Aleen,Alliban,aallibanr@hostgator.com,Female,2.102.179.127
29,Polly,Lean,pleans@posterous.com,Female,25.68.50.153
30,Sherm,Krzysztof,skrzysztoft@1688.com,Male,20.159.174.126
31,Em,Castell,ecastellu@myspace.com,Male,72.24.228.254
32,Vaughn,Gostling,vgostlingv@liveinternet.ru,Male,1.93.175.64
33,Jobey,Blinkhorn,jblinkhornw@sfgate.com,Female,232.249.42.218
34,Brice,Heinecke,bheineckex@privacy.gov.au,Male,170.15.231.4
35,Tiebold,Pearcehouse,tpearcehousey@tinypic.com,Male,121.108.201.88
36,Nana,Beekman,nbeekmanz@yandex.ru,Agender,171.14.84.159
37,Wilmar,Collihole,wcollihole10@constantcontact.com,Male,44.77.154.0
38,Calypso,Bagworth,cbagworth11@miitbeian.gov.cn,Polygender,66.220.41.34
39,Walker,Gowers,wgowers12@addtoany.com,Male,131.239.121.41
40,Amity,Stanford,astanford13@squidoo.com,Female,122.188.16.112
41,Shana,Spurling,sspurling14@house.gov,Female,171.174.238.13
42,Dru,Pavel,dpavel15@bbb.org,Male,214.214.171.95
43,Domingo,Bawdon,dbawdon16@hp.com,Male,28.216.217.158
44,Krystal,Folley,kfolley17@ucla.edu,Female,215.26.81.97
45,Elana,Maybury,emaybury18@blog.com,Female,74.254.123.89
46,Eddy,Aleksandrikin,ealeksandrikin19@wikispaces.com,Female,138.81.139.100
47,Vassily,Devas,vdevas1a@nbcnews.com,Male,45.209.228.174
48,Bibby,Skelbeck,bskelbeck1b@soup.io,Genderfluid,212.73.54.12
49,Dene,Fewell,dfewell1c@independent.co.uk,Male,209.93.157.82
50,Vlad,Sebrook,vsebrook1d@freewebs.com,Male,248.123.168.129
51,Saunder,Dedman,sdedman1e@pinterest.com,Male,134.93.113.73
52,Murray,Byne,mbyne1f@vimeo.com,Male,149.105.103.202
53,Brendin,McQuillen,bmcquillen1g@seesaa.net,Male,123.69.218.73
54,Kelcy,Pardoe,kpardoe1h@youtube.com,Female,66.121.23.47
55,Perren,De'Ath,pdeath1i@qq.com,Male,79.108.138.160
56,Saba,Hodge,shodge1j@mit.edu,Bigender,192.244.46.37
57,Batsheva,Birdsey,bbirdsey1k@earthlink.net,Female,167.86.18.84
58,Garnette,Palser,gpalser1l@prlog.org,Female,88.83.239.185
59,Marnia,Kindread,mkindread1m@hud.gov,Female,119.81.201.4
60,Briana,Gillyett,bgillyett1n@mit.edu,Female,22.124.227.168
61,Jolyn,Benallack,jbenallack1o@cisco.com,Female,24.120.73.104
62,Danella,Summerskill,dsummerskill1p@thetimes.co.uk,Female,168.127.195.92
63,Cirstoforo,Forge,cforge1q@nationalgeographic.com,Male,158.101.104.81
64,Bonnee,Cuningham,bcuningham1r@taobao.com,Female,77.0.55.180
65,Maryjo,Lambrechts,mlambrechts1s@ow.ly,Female,207.199.123.18
66,Nil,Babcock,nbabcock1t@globo.com,Male,210.195.148.213
67,Van,Settle,vsettle1u@va.gov,Female,142.76.0.98
68,Frasco,Stains,fstains1v@yahoo.com,Male,143.201.44.98
69,Trudi,Raeburn,traeburn1w@123-reg.co.uk,Female,192.245.177.58
70,Bil,Ransbury,bransbury1x@state.tx.us,Male,54.214.242.241
71,Inez,Phelps,iphelps1y@ox.ac.uk,Female,59.172.81.91
72,Goober,Vautin,gvautin1z@cdbaby.com,Male,85.163.154.136
73,Flori,Clist,fclist20@nifty.com,Female,151.236.86.52
74,Brenna,Richt,bricht21@360.cn,Female,230.133.165.28
75,Alleyn,Thor,athor22@4shared.com,Male,153.82.242.3
76,Inesita,Eberdt,ieberdt23@pinterest.com,Female,108.1.152.125
77,Umeko,Von Helmholtz,uvonhelmholtz24@marriott.com,Female,67.194.197.236
78,Thomas,Storry,tstorry25@arstechnica.com,Male,223.101.63.53
79,Allissa,Langhor,alanghor26@topsy.com,Female,119.126.138.35
80,Kayne,Phil,kphil27@amazon.co.jp,Male,118.19.108.141
81,Eziechiele,Champneys,echampneys28@dion.ne.jp,Male,49.249.79.173
82,Sutherlan,Garey,sgarey29@latimes.com,Male,185.5.233.53
83,Manda,Richarz,mricharz2a@free.fr,Female,80.105.152.237
84,Lee,Trebilcock,ltrebilcock2b@omniture.com,Male,232.214.254.70
85,Pattie,Dobbs,pdobbs2c@eepurl.com,Female,113.142.23.235
86,Cortie,Nore,cnore2d@live.com,Male,8.144.59.110
87,Nevsa,Fairbeard,nfairbeard2e@360.cn,Agender,13.217.18.59
88,Kissee,Edger,kedger2f@indiegogo.com,Female,109.86.131.15
89,Yoshi,Biddy,ybiddy2g@census.gov,Female,141.43.105.253
90,Gabey,Scargill,gscargill2h@lycos.com,Female,178.172.12.57
91,Doroteya,Etridge,detridge2i@slate.com,Female,36.243.192.100
92,Claudianus,Layhe,clayhe2j@auda.org.au,Male,38.253.193.139
93,Hannis,Patrono,hpatrono2k@yale.edu,Bigender,2.91.51.253
94,Ginger,Scawton,gscawton2l@ftc.gov,Female,183.150.220.243
95,Colet,Richt,cricht2m@thetimes.co.uk,Male,74.188.45.81
96,Nadya,Brabbins,nbrabbins2n@psu.edu,Female,121.48.141.106
97,Kenny,Jankowski,kjankowski2o@pinterest.com,Male,148.68.93.39
98,Viv,Colomb,vcolomb2p@4shared.com,Female,102.114.157.179
99,Claire,McCafferky,cmccafferky2q@umich.edu,Female,177.215.73.107
100,Orly,McKevin,omckevin2r@illinois.edu,Female,135.250.4.50
101,Corella,Shalcras,cshalcras2s@usda.gov,Female,139.203.40.133
102,Morgen,Ruscoe,mruscoe2t@cornell.edu,Female,36.150.17.215
103,Kacie,Radclyffe,kradclyffe2u@yelp.com,Female,73.77.37.233
104,Philis,Hearl,phearl2v@nifty.com,Non-binary,72.230.236.197
105,Kandace,Beckhouse,kbeckhouse2w@usa.gov,Female,43.174.39.37
106,Juieta,Ervin,jervin2x@purevolume.com,Female,255.20.151.143
107,Samuele,Huonic,shuonic2y@state.tx.us,Male,230.73.224.163
108,Brianne,Vyvyan,bvyvyan2z@t-online.de,Female,6.208.234.53
109,Raffarty,Scholz,rscholz30@yale.edu,Male,158.210.200.206
110,Jay,Minthorpe,jminthorpe31@sphinn.com,Male,53.22.85.196
111,Tracy,Plank,tplank32@shutterfly.com,Female,11.48.207.214
112,Eldredge,Spollen,espollen33@sohu.com,Male,226.11.179.200
113,Thurston,Juara,tjuara34@bing.com,Polygender,171.75.97.148
114,Cyndia,Edden,cedden35@diigo.com,Female,104.15.26.140
115,Cherrita,Spragge,cspragge36@com.com,Female,142.171.108.58
116,Celinka,Mil,cmil37@noaa.gov,Female,81.238.79.85
117,Clarissa,Gorelli,cgorelli38@bloglines.com,Female,19.234.10.51
118,Bibbie,Farndale,bfarndale39@webeden.co.uk,Bigender,11.232.32.76
119,Wendeline,Pulver,wpulver3a@usnews.com,Genderqueer,34.197.75.76
120,Milo,Rathborne,mrathborne3b@addtoany.com,Male,169.66.182.233
121,Florrie,Pengilley,fpengilley3c@home.pl,Female,211.25.226.211
122,Stavros,Fearnehough,sfearnehough3d@t.co,Male,156.22.143.88
123,Brigitta,Casaroli,bcasaroli3e@constantcontact.com,Female,163.165.1.87
124,Shelby,Cinavas,scinavas3f@dailymotion.com,Male,236.178.1.172
125,Perle,Tongue,ptongue3g@geocities.jp,Female,222.229.194.40
126,Nealson,Aldersey,naldersey3h@webmd.com,Male,155.207.151.170
127,Wenonah,Hatchell,whatchell3i@feedburner.com,Female,86.160.179.131
128,Hans,Itzchaki,hitzchaki3j@jiathis.com,Male,112.121.190.242
129,Merilyn,Castan,mcastan3k@github.io,Female,106.216.182.251
130,Nicolle,Andrews,nandrews3l@businesswire.com,Female,244.56.124.89
131,Devlen,Vizard,dvizard3m@reference.com,Agender,253.215.220.98
132,Juana,Bovaird,jbovaird3n@time.com,Female,163.224.57.202
133,Timothea,Corking,tcorking3o@miitbeian.gov.cn,Female,93.21.187.153
134,Ellswerth,Mortimer,emortimer3p@tuttocitta.it,Genderqueer,65.136.232.220
135,Bessy,Vanner,bvanner3q@sphinn.com,Female,40.179.191.154
136,Lucila,Fursey,lfursey3r@telegraph.co.uk,Female,166.197.197.242
137,Gayle,Oxbrough,goxbrough3s@canalblog.com,Male,29.157.245.115
138,Tiertza,Mullan,tmullan3t@elegantthemes.com,Female,152.234.236.115
139,Hardy,Greenrod,hgreenrod3u@tripadvisor.com,Male,236.129.46.128
140,Harbert,Ensten,hensten3v@state.tx.us,Male,198.152.25.120
141,Ev,Andrejs,eandrejs3w@com.com,Male,133.201.38.119
142,Lizzie,Heningam,lheningam3x@php.net,Female,34.50.233.144
143,Conrade,Beane,cbeane3y@stumbleupon.com,Male,26.201.121.156
144,Nowell,Shorland,nshorland3z@europa.eu,Male,245.38.181.93
145,Horten,Hartley,hhartley40@reference.com,Male,39.104.207.172
146,Sammy,Kinsella,skinsella41@icq.com,Female,143.202.227.200
147,Dawn,Pinnion,dpinnion42@yahoo.com,Female,37.90.203.207
148,Katrina,Kupisz,kkupisz43@twitter.com,Female,76.118.38.252
149,Lucienne,Coaker,lcoaker44@hhs.gov,Bigender,146.9.22.179
150,Adena,Bartolomeotti,abartolomeotti45@tripod.com,Female,7.171.18.108
151,Molly,De Laci,mdelaci46@tripod.com,Female,125.222.8.245
152,Jami,Donisthorpe,jdonisthorpe47@npr.org,Genderqueer,248.178.196.209
153,Eugine,Habbin,ehabbin48@un.org,Female,108.188.220.42
154,Ira,Spatoni,ispatoni49@youtu.be,Male,252.142.32.33
155,Antoine,Jeanon,ajeanon4a@vinaora.com,Male,112.127.31.228
156,Carny,Worsnip,cworsnip4b@hubpages.com,Male,206.46.214.44
157,Goldy,Hyslop,ghyslop4c@odnoklassniki.ru,Female,48.90.58.227
158,Martica,Lansdowne,mlansdowne4d@yellowbook.com,Agender,165.123.165.63
159,Garfield,Noddings,gnoddings4e@sourceforge.net,Male,207.67.62.82
160,Dudley,Moreno,dmoreno4f@imageshack.us,Male,165.144.132.156
161,Ade,Tembey,atembey4g@imageshack.us,Male,235.69.254.66
162,Bert,De Blasio,bdeblasio4h@live.com,Female,104.50.16.67
163,Dorothee,Keuneke,dkeuneke4i@tamu.edu,Female,74.63.136.173
164,Anne-corinne,Rudland,arudland4j@mozilla.com,Female,124.191.237.76
165,Delcine,Childerhouse,dchilderhouse4k@ezinearticles.com,Female,62.180.27.174
166,Marietta,Kirton,mkirton4l@tripod.com,Female,243.183.135.160
167,Nicol,Komorowski,nkomorowski4m@elegantthemes.com,Male,115.103.255.174
168,Raoul,Barkworth,rbarkworth4n@elpais.com,Male,162.177.248.1
169,Rebe,Perkin,rperkin4o@netlog.com,Female,208.118.252.11
170,Ainsley,Dickins,adickins4p@cornell.edu,Genderqueer,239.154.223.229
171,Nisse,Girodin,ngirodin4q@examiner.com,Bigender,218.179.29.92
172,Demeter,Surr,dsurr4r@marriott.com,Female,77.21.159.98
173,Vail,Jeckells,vjeckells4s@indiegogo.com,Male,76.118.170.82
174,Mireielle,Priddy,mpriddy4t@prnewswire.com,Female,67.212.79.111
175,Tommie,Densun,tdensun4u@disqus.com,Male,76.43.99.149
176,Vincenz,Silber,vsilber4v@ft.com,Male,249.194.14.255
177,Emmy,Murr,emurr4w@auda.org.au,Male,93.22.77.27
178,Lark,Burborough,lburborough4x@github.com,Female,110.4.104.193
179,Bel,Satch,bsatch4y@exblog.jp,Bigender,132.199.176.69
180,Raimondo,Meharg,rmeharg4z@ftc.gov,Male,5.1.13.67
181,Gavra,Lourenco,glourenco50@prlog.org,Genderqueer,102.132.243.16
182,Cornall,Coulthurst,ccoulthurst51@independent.co.uk,Agender,234.203.219.9
183,Consolata,Kemston,ckemston52@harvard.edu,Bigender,47.96.153.107
184,Pierce,Redmire,predmire53@oakley.com,Male,246.11.144.137
185,Carmen,Mullineux,cmullineux54@nationalgeographic.com,Female,37.98.217.193
186,Cindi,Forsdyke,cforsdyke55@nytimes.com,Female,174.196.180.169
187,Alisun,De Marchi,ademarchi56@weather.com,Female,156.122.240.194
188,Idalia,Murdy,imurdy57@paginegialle.it,Female,230.169.92.131
189,Clarence,Friman,cfriman58@slashdot.org,Male,196.48.132.158
190,Kimmie,Hardeman,khardeman59@twitter.com,Female,223.125.177.54
191,Jeanne,Grahame,jgrahame5a@prlog.org,Bigender,80.81.86.249
192,Minta,Boatright,mboatright5b@digg.com,Female,3.238.36.184
193,Nobe,Laydon,nlaydon5c@ft.com,Male,154.162.174.23
194,Nita,Otley,notley5d@360.cn,Female,137.222.42.87
195,Pen,Brimmacombe,pbrimmacombe5e@salon.com,Female,92.225.5.40
196,Koral,Blackwell,kblackwell5f@ask.com,Female,204.187.12.22
197,Alfonse,Kunz,akunz5g@yellowbook.com,Male,154.94.24.120
198,Joleen,Grimsley,jgrimsley5h@indiatimes.com,Female,40.158.181.185
199,Hannis,Feldbrin,hfeldbrin5i@last.fm,Female,218.156.177.83
200,Darrin,Poluzzi,dpoluzzi5j@phpbb.com,Male,18.89.56.198
201,Brigg,Gheraldi,bgheraldi5k@time.com,Male,181.234.198.177
202,Janna,Sturror,jsturror5l@tuttocitta.it,Female,164.214.174.184
203,Owen,Ashwin,oashwin5m@google.fr,Male,194.204.167.117
204,Torrance,Parkin,tparkin5n@naver.com,Male,185.136.72.162
205,Arly,Bewfield,abewfield5o@list-manage.com,Female,158.91.184.76
206,Ali,Van Weedenburg,avanweedenburg5p@mayoclinic.com,Male,63.77.89.197
207,Amalia,Copnar,acopnar5q@feedburner.com,Female,81.20.79.166
208,Jacklyn,Bratty,jbratty5r@walmart.com,Female,79.64.195.191
209,Ariel,Llewellin,allewellin5s@imdb.com,Female,244.32.55.140
210,Eugenia,Heber,eheber5t@gravatar.com,Female,56.249.243.193
211,Marcel,Cicci,mcicci5u@accuweather.com,Male,95.196.214.16
212,Mitzi,Lyste,mlyste5v@ow.ly,Female,118.150.204.31
213,Kerrie,Rottger,krottger5w@freewebs.com,Female,246.38.63.223
214,Hayley,Sallings,hsallings5x@bravesites.com,Polygender,86.243.176.227
215,Arne,Koomar,akoomar5y@usgs.gov,Male,80.198.77.132
216,Haily,Punyer,hpunyer5z@nymag.com,Female,112.53.249.194
217,Ermina,Briatt,ebriatt60@samsung.com,Female,88.102.27.62
218,Drew,Rubinowitsch,drubinowitsch61@wufoo.com,Male,246.116.18.74
219,Feliza,Lotherington,flotherington62@thetimes.co.uk,Female,131.157.234.248
220,Ferrell,Vowdon,fvowdon63@nydailynews.com,Male,19.48.160.101
221,Gabie,Jumonet,gjumonet64@google.ru,Male,169.134.69.178
222,Derwin,Strippling,dstrippling65@prnewswire.com,Male,116.219.119.4
223,Leeann,Jennick,ljennick66@pcworld.com,Female,222.138.225.250
224,Tannie,Stranger,tstranger67@google.ru,Male,223.249.107.122
225,Rosalind,Hartly,rhartly68@dion.ne.jp,Female,125.85.203.171
226,Andie,Biasetti,abiasetti69@umn.edu,Male,233.93.92.81
227,Luther,Woloschinski,lwoloschinski6a@altervista.org,Male,33.170.147.144
228,Ambrose,Tansley,atansley6b@gizmodo.com,Male,40.136.206.13
229,Roanne,Mauchlen,rmauchlen6c@51.la,Female,43.130.76.187
230,Johnathan,McOnie,jmconie6d@etsy.com,Bigender,143.224.103.182
231,Dev,Vanshin,dvanshin6e@hc360.com,Male,111.133.130.46
232,Babita,Mines,bmines6f@goo.ne.jp,Female,147.197.148.62
233,Harrietta,Boeter,hboeter6g@sitemeter.com,Female,3.180.140.218
234,Merle,Boshier,mboshier6h@prlog.org,Female,22.175.103.65
235,Rosaline,Espinel,respinel6i@tinypic.com,Female,141.103.32.200
236,Rustin,Watsam,rwatsam6j@typepad.com,Male,4.244.4.31
237,Ardith,Ludy,aludy6k@skyrock.com,Female,227.32.196.169
238,Vassily,Reardon,vreardon6l@over-blog.com,Male,232.103.26.162
239,Levi,Meanwell,lmeanwell6m@prweb.com,Male,90.81.121.8
240,Claiborn,Higgan,chiggan6n@csmonitor.com,Male,106.143.216.103
241,Jerry,Descroix,jdescroix6o@cocolog-nifty.com,Male,252.154.2.67
242,Cathlene,Hunnable,chunnable6p@blogs.com,Female,49.194.7.5
243,Gilberto,Bowhey,gbowhey6q@reuters.com,Male,96.157.0.149
244,Andy,Bartaloni,abartaloni6r@lulu.com,Agender,0.203.16.35
245,Nadine,Belli,nbelli6s@nbcnews.com,Female,143.234.226.52
246,Byran,Blatherwick,bblatherwick6t@purevolume.com,Male,97.0.85.9
247,Welch,Halms,whalms6u@technorati.com,Male,246.200.208.253
248,Frankie,Bresman,fbresman6v@vk.com,Male,135.79.54.167
249,Alric,Beert,abeert6w@ebay.co.uk,Male,181.77.236.176
250,Emmit,Codron,ecodron6x@wsj.com,Genderqueer,89.83.133.108
251,Velvet,Mahony,vmahony6y@time.com,Female,86.93.49.65
252,Madeline,Shayes,mshayes6z@china.com.cn,Female,173.93.39.241
253,Annaliese,Radnedge,aradnedge70@blogger.com,Female,96.146.147.0
254,Sybille,Rosten,srosten71@google.it,Female,41.5.41.193
255,Maurizia,Smidmore,msmidmore72@moonfruit.com,Polygender,34.122.211.68
256,Delmar,McLese,dmclese73@wikipedia.org,Male,148.29.21.246
257,Andie,Eite,aeite74@oaic.gov.au,Bigender,200.168.42.36
258,Margarette,Lempke,mlempke75@mail.ru,Agender,42.9.19.111
259,Dante,Rennles,drennles76@nasa.gov,Male,81.64.81.231
260,Monroe,Dresche,mdresche77@biglobe.ne.jp,Male,6.145.212.234
261,Garald,Tootal,gtootal78@addtoany.com,Male,243.22.233.81
262,Aubine,Hopfer,ahopfer79@imageshack.us,Female,124.128.203.80
263,Eldin,Eglinton,eeglinton7a@yahoo.com,Male,46.70.41.12
264,Way,Taaffe,wtaaffe7b@hao123.com,Male,88.175.63.53
265,Bliss,Seamon,bseamon7c@blogs.com,Female,31.85.98.226
266,Pammie,Chsteney,pchsteney7d@examiner.com,Female,121.139.104.94
267,Wanda,Draysey,wdraysey7e@acquirethisname.com,Female,24.129.219.174
268,Felic,Rivlin,frivlin7f@typepad.com,Male,212.186.84.70
269,Weylin,Troker,wtroker7g@senate.gov,Male,209.103.172.193
270,Leonhard,Delion,ldelion7h@alexa.com,Male,94.118.93.11
271,Alexandr,Randall,arandall7i@mtv.com,Male,131.135.175.186
272,Faber,Healey,fhealey7j@google.pl,Polygender,44.250.25.22
273,Artemis,Matveiko,amatveiko7k@cisco.com,Male,73.228.230.71
274,Guinevere,Fearfull,gfearfull7l@globo.com,Genderfluid,27.41.15.76
275,Nananne,Collumbell,ncollumbell7m@ehow.com,Female,115.146.126.120
276,Barbaraanne,Rickardes,brickardes7n@guardian.co.uk,Female,76.191.208.30
277,Dennet,Stollhofer,dstollhofer7o@miibeian.gov.cn,Non-binary,173.45.127.252
278,Urbain,Bain,ubain7p@tumblr.com,Male,103.166.109.50
279,Von,Baudinet,vbaudinet7q@livejournal.com,Male,158.235.32.71
280,Patrizio,Baudinot,pbaudinot7r@nationalgeographic.com,Agender,204.195.41.59
281,Stafford,Sarsons,ssarsons7s@auda.org.au,Male,248.176.206.88
282,Tymon,Robrose,trobrose7t@patch.com,Male,68.51.220.32
283,Thacher,Keasy,tkeasy7u@nature.com,Male,48.53.79.212
284,Fanchette,Scrymgeour,fscrymgeour7v@techcrunch.com,Female,181.240.123.251
285,Birk,Cokayne,bcokayne7w@dedecms.com,Male,72.166.177.127
286,Mal,Courtes,mcourtes7x@eepurl.com,Male,156.198.51.235
287,Allina,Massy,amassy7y@xinhuanet.com,Bigender,212.218.69.237
288,Aileen,Beacroft,abeacroft7z@rambler.ru,Female,24.34.12.154
289,Demetris,Valente,dvalente80@google.nl,Male,136.237.96.118
290,Laureen,Albasiny,lalbasiny81@loc.gov,Female,41.45.216.138
291,Koren,Chartres,kchartres82@posterous.com,Non-binary,55.130.8.168
292,Maryjane,Abramchik,mabramchik83@newyorker.com,Female,252.254.74.9
293,Denis,Drysdell,ddrysdell84@blogger.com,Male,5.34.48.105
294,Gerty,Gillbe,ggillbe85@sciencedirect.com,Female,69.169.218.229
295,Scottie,Legan,slegan86@dailymotion.com,Agender,39.74.57.39
296,Ferrell,Domingues,fdomingues87@tumblr.com,Male,89.0.32.232
297,Elise,Shepley,eshepley88@cafepress.com,Polygender,213.175.25.31
298,Goldina,Marrian,gmarrian89@lycos.com,Female,121.137.92.216
299,Lexis,Mayho,lmayho8a@washington.edu,Female,22.44.178.182
300,Eda,Jandl,ejandl8b@mediafire.com,Female,247.85.250.88
301,Dorey,Hadcroft,dhadcroft8c@google.ru,Male,240.67.196.81
302,Correy,Hawkes,chawkes8d@squarespace.com,Male,65.164.61.66
303,Marcellina,Pales,mpales8e@networkadvertising.org,Female,23.189.143.195
304,Vladimir,Stitwell,vstitwell8f@example.com,Male,78.143.6.67
305,Elsie,Davidwitz,edavidwitz8g@g.co,Female,18.69.165.74
306,Samara,Blazi,sblazi8h@gizmodo.com,Female,249.82.62.9
307,Myrna,McGrudder,mmcgrudder8i@weather.com,Female,129.118.173.254
308,Daffi,Fessler,dfessler8j@ycombinator.com,Female,37.252.216.44
309,Sunny,I'anson,sianson8k@infoseek.co.jp,Male,248.88.245.207
310,Lyn,Huncoot,lhuncoot8l@simplemachines.org,Non-binary,158.107.130.120
311,Kizzee,McParland,kmcparland8m@cdc.gov,Female,93.45.51.164
312,Rubetta,Parsand,rparsand8n@vinaora.com,Female,218.173.188.121
313,Gustav,Scanlon,gscanlon8o@go.com,Male,115.47.16.242
314,Simonette,Thrush,sthrush8p@pagesperso-orange.fr,Female,193.106.164.121
315,Frasquito,Stoddard,fstoddard8q@angelfire.com,Male,30.21.240.114
316,Grayce,Tolworth,gtolworth8r@telegraph.co.uk,Female,211.7.46.230
317,Mortimer,Wettern,mwettern8s@nytimes.com,Male,0.244.254.235
318,Kale,Martinet,kmartinet8t@ucla.edu,Male,107.209.191.78
319,Dian,Bevans,dbevans8u@slashdot.org,Female,71.206.19.74
320,Rubia,Boyan,rboyan8v@amazon.com,Female,240.24.145.113
321,Hillier,Caso,hcaso8w@mozilla.com,Male,188.139.236.233
322,Sher,Stadden,sstadden8x@dmoz.org,Female,243.255.85.104
323,Rand,Jentet,rjentet8y@boston.com,Male,206.87.48.92
324,Carissa,Pozer,cpozer8z@oracle.com,Female,112.154.147.160
325,Randy,Worsell,rworsell90@icio.us,Male,88.124.165.6
326,Sauveur,Motten,smotten91@sciencedirect.com,Male,130.70.108.47
327,Farr,Polk,fpolk92@i2i.jp,Male,76.195.146.52
328,Christel,Swift,cswift93@hugedomains.com,Female,91.110.130.250
329,Mignon,Hebborne,mhebborne94@nationalgeographic.com,Female,110.170.58.50
330,Annora,Tilly,atilly95@hubpages.com,Female,38.251.60.248
331,Berne,Wilcot,bwilcot96@diigo.com,Male,154.30.128.106
332,Rosy,Domerque,rdomerque97@github.com,Agender,162.88.126.169
333,Daron,Urey,durey98@narod.ru,Female,97.128.213.163
334,Rodger,Putson,rputson99@amazon.com,Male,78.60.204.146
335,Giustina,Como,gcomo9a@jigsy.com,Female,170.239.197.220
336,Garvey,Grono,ggrono9b@mashable.com,Male,39.74.185.19
337,Kerri,Charrett,kcharrett9c@marriott.com,Agender,51.245.108.157
338,Hilario,Brunner,hbrunner9d@yahoo.com,Male,98.82.241.52
339,Konstantine,Hawkridge,khawkridge9e@businesswire.com,Male,27.203.16.231
340,Del,Tilt,dtilt9f@salon.com,Male,80.66.174.35
341,Lynnelle,Beddall,lbeddall9g@thetimes.co.uk,Female,251.87.25.151
342,Dore,Davydochkin,ddavydochkin9h@yale.edu,Agender,195.135.230.196
343,Naoma,Mazzia,nmazzia9i@odnoklassniki.ru,Female,238.250.250.77
344,Glenna,Ludford,gludford9j@reddit.com,Female,82.215.185.86
345,Edgardo,Harkins,eharkins9k@ovh.net,Male,76.182.118.91
346,Lyda,Ivanchikov,livanchikov9l@technorati.com,Female,200.152.19.195
347,Curtis,Burnhill,cburnhill9m@storify.com,Male,107.208.140.88
348,Corry,Bynold,cbynold9n@linkedin.com,Female,160.160.188.150
349,Pavlov,Melby,pmelby9o@irs.gov,Male,128.177.254.189
350,Harmonie,Donavan,hdonavan9p@163.com,Female,183.88.171.227
351,Cob,Slingsby,cslingsby9q@cocolog-nifty.com,Genderfluid,83.64.246.26
352,Julianne,Varren,jvarren9r@yellowpages.com,Female,204.127.23.172
353,Sawyere,Brandli,sbrandli9s@qq.com,Male,199.54.178.15
354,Sondra,Luby,sluby9t@chicagotribune.com,Female,212.90.78.61
355,Alvis,Snarie,asnarie9u@wordpress.com,Male,19.227.92.120
356,Windy,Feldhammer,wfeldhammer9v@google.ca,Genderqueer,178.56.158.90
357,Ban,Paunton,bpaunton9w@google.com.hk,Male,179.190.194.206
358,Janeva,Kennicott,jkennicott9x@furl.net,Female,242.73.60.230
359,Eve,Frammingham,eframmingham9y@earthlink.net,Female,202.128.79.18
360,Granthem,Rablen,grablen9z@adobe.com,Male,90.195.218.114
361,Grenville,Toon,gtoona0@wiley.com,Male,177.196.2.194
362,Elbertina,Massinger,emassingera1@creativecommons.org,Bigender,92.47.177.193
363,Sansone,Alexandersson,salexanderssona2@ebay.co.uk,Male,87.70.240.62
364,Temp,Klebes,tklebesa3@barnesandnoble.com,Genderqueer,25.221.108.92
365,Cassi,Echalier,cechaliera4@oakley.com,Female,30.187.192.245
366,Rodger,Pheby,rphebya5@tamu.edu,Male,60.143.51.223
367,Clemens,Quodling,cquodlinga6@ning.com,Male,118.206.183.193
368,Wayne,McCoole,wmccoolea7@goodreads.com,Male,6.178.106.118
369,Keenan,Verden,kverdena8@vinaora.com,Male,136.27.42.250
370,Cyb,Andrzejewski,candrzejewskia9@omniture.com,Female,13.15.120.5
371,Nertie,Gantzer,ngantzeraa@sun.com,Female,124.171.5.215
372,Osbourn,Hugnot,ohugnotab@seattletimes.com,Genderfluid,185.19.248.176
373,Emma,Zupone,ezuponeac@w3.org,Female,165.93.223.73
374,Eben,Vowell,evowellad@microsoft.com,Male,230.35.75.156
375,Ara,Viles,avilesae@shutterfly.com,Female,240.251.210.84
376,Tamara,Attow,tattowaf@vk.com,Female,151.58.92.71
377,Gipsy,MacKimm,gmackimmag@jiathis.com,Female,235.133.91.95
378,Brennan,Paten,bpatenah@nymag.com,Male,17.105.213.155
379,Shamus,Kenefick,skenefickai@netlog.com,Male,130.245.103.28
380,Pablo,Keynes,pkeynesaj@flickr.com,Male,41.74.92.33
381,Amber,Larkby,alarkbyak@cbc.ca,Non-binary,255.152.243.48
382,Tarra,Kienlein,tkienleinal@goodreads.com,Female,64.125.1.79
383,Stepha,Boote,sbooteam@ucla.edu,Agender,167.221.255.93
384,Bradney,Gritton,bgrittonan@google.it,Male,62.212.68.63
385,Rorie,Lowdham,rlowdhamao@rakuten.co.jp,Female,3.214.189.129
386,Sadye,Gernier,sgernierap@php.net,Polygender,19.229.182.114
387,Welch,Tyndall,wtyndallaq@barnesandnoble.com,Male,177.188.176.254
388,Viva,Cardoe,vcardoear@yahoo.co.jp,Female,244.86.34.51
389,Rutledge,Ege,regeas@dagondesign.com,Male,52.145.203.62
390,Dolley,Blanshard,dblanshardat@sbwire.com,Female,190.121.172.57
391,Antonia,Caulwell,acaulwellau@mapy.cz,Female,239.219.136.189
392,Trevar,Penhall,tpenhallav@zimbio.com,Male,112.54.59.147
393,Sharla,Macvey,smacveyaw@chronoengine.com,Female,64.35.231.115
394,Aron,Mosco,amoscoax@fda.gov,Male,104.224.106.210
395,Archibold,Lyard,alyarday@about.com,Male,191.237.220.177
396,Tabbitha,Bakster,tbaksteraz@etsy.com,Female,19.97.167.233
397,Frederich,Gent,fgentb0@miibeian.gov.cn,Male,89.156.225.178
398,Sander,Shimony,sshimonyb1@washingtonpost.com,Male,224.159.226.47
399,Jacinta,Bubbear,jbubbearb2@issuu.com,Genderfluid,2.34.59.143
400,Aggy,Groucutt,agroucuttb3@drupal.org,Female,101.32.88.29
401,Ora,Dobey,odobeyb4@bizjournals.com,Female,52.54.58.14
402,Forrester,Grinsdale,fgrinsdaleb5@delicious.com,Male,182.183.39.190
403,Aurore,Smeeth,asmeethb6@wired.com,Female,108.93.133.34
404,Cathryn,Canwell,ccanwellb7@dagondesign.com,Female,250.178.46.25
405,Corena,Bister,cbisterb8@github.com,Female,186.120.22.49
406,Willette,Weinberg,wweinbergb9@bbb.org,Female,237.63.233.216
407,Lambert,Towey,ltoweyba@gov.uk,Male,255.189.6.68
408,Jason,Claeskens,jclaeskensbb@wp.com,Male,153.16.255.205
409,Boycey,Torrijos,btorrijosbc@mail.ru,Male,214.10.42.220
410,Rolando,Stark,rstarkbd@msn.com,Male,68.240.70.226
411,Elyn,Glennon,eglennonbe@yahoo.co.jp,Female,27.22.117.138
412,Flem,Merryweather,fmerryweatherbf@reddit.com,Male,143.21.197.172
413,Pippa,Garrod,pgarrodbg@slate.com,Genderqueer,165.70.71.208
414,Tildy,Banstead,tbansteadbh@comcast.net,Female,205.145.229.157
415,Adey,Swayne,aswaynebi@cbc.ca,Female,110.183.154.253
416,Robb,Boulsher,rboulsherbj@who.int,Polygender,236.182.147.209
417,Nancie,Petit,npetitbk@foxnews.com,Female,224.96.233.122
418,Mattheus,Allinson,mallinsonbl@tinypic.com,Male,43.20.86.89
419,Lorin,Wellsman,lwellsmanbm@thetimes.co.uk,Male,186.70.221.246
420,Franzen,Jolland,fjollandbn@ucla.edu,Polygender,106.3.48.60
421,Morena,Gilhooly,mgilhoolybo@hatena.ne.jp,Female,67.130.208.193
422,Alfi,Gelling,agellingbp@miitbeian.gov.cn,Genderfluid,220.59.212.189
423,Hendrika,Colquhoun,hcolquhounbq@ucsd.edu,Female,64.159.54.94
424,Abigail,Basillon,abasillonbr@discovery.com,Female,136.217.120.103
425,Jourdan,Buffey,jbuffeybs@miibeian.gov.cn,Agender,38.51.59.26
426,Quinn,Rallin,qrallinbt@webmd.com,Male,127.208.133.60
427,Mimi,Battlestone,mbattlestonebu@census.gov,Female,250.1.91.67
428,Deidre,Aries,dariesbv@whitehouse.gov,Female,185.18.136.180
429,Curcio,Curtis,ccurtisbw@networkadvertising.org,Male,227.233.165.245
430,Blancha,Hamprecht,bhamprechtbx@nifty.com,Female,72.143.173.54
431,Margarette,Iveans,miveansby@theglobeandmail.com,Female,114.84.195.50
432,Ada,Hesse,ahessebz@tripod.com,Female,91.164.218.99
433,Rodie,Forcade,rforcadec0@plala.or.jp,Female,196.34.25.44
434,Ursa,Maylin,umaylinc1@webs.com,Female,144.176.61.83
435,Olva,Ambler,oamblerc2@washingtonpost.com,Female,89.181.41.100
436,Orel,Febry,ofebryc3@vinaora.com,Female,189.97.132.198
437,Farica,Silcocks,fsilcocksc4@netvibes.com,Female,150.49.80.140
438,Clementia,Severy,cseveryc5@google.com.br,Female,59.38.78.203
439,Wilona,Dillimore,wdillimorec6@canalblog.com,Female,129.132.59.22
440,Marti,Ballintyne,mballintynec7@nymag.com,Female,117.75.41.149
441,Maximilian,Faragan,mfaraganc8@smugmug.com,Male,221.159.252.239
442,Sisile,Scowen,sscowenc9@cam.ac.uk,Female,174.99.208.205
443,Maureen,Zorer,mzorerca@dagondesign.com,Female,147.108.24.159
444,Theresa,Millom,tmillomcb@cargocollective.com,Female,220.111.138.52
445,Judie,Groveham,jgrovehamcc@utexas.edu,Female,226.244.38.165
446,Corty,Barrow,cbarrowcd@cdc.gov,Polygender,213.209.81.83
447,Parry,Chstney,pchstneyce@skyrock.com,Male,105.18.185.126
448,Giavani,Gwillym,ggwillymcf@yahoo.co.jp,Male,36.114.225.243
449,Whitman,Lingley,wlingleycg@alibaba.com,Male,22.71.157.98
450,Lukas,Mogey,lmogeych@google.co.uk,Male,80.117.60.26
451,Trixy,Alvis,talvisci@tinypic.com,Female,79.246.60.135
452,Joane,Swainger,jswaingercj@squarespace.com,Female,201.235.242.39
453,Gisela,Goodhew,ggoodhewck@nhs.uk,Female,245.150.127.60
454,Jock,Monget,jmongetcl@addthis.com,Male,33.80.161.233
455,Johnathan,Seacroft,jseacroftcm@ycombinator.com,Male,171.170.148.111
456,Elbertina,Daspar,edasparcn@ustream.tv,Bigender,101.206.202.229
457,Herbert,Congrave,hcongraveco@smugmug.com,Male,148.127.28.12
458,Leela,Cream,lcreamcp@t-online.de,Female,223.26.199.136
459,Gaven,Kingsnorth,gkingsnorthcq@dmoz.org,Male,209.22.164.31
460,Ally,Newvell,anewvellcr@omniture.com,Female,101.95.207.236
461,Charity,Grugerr,cgrugerrcs@ovh.net,Female,8.154.24.226
462,Tony,Lampkin,tlampkinct@sciencedirect.com,Male,130.34.181.213
463,Susannah,Aldersey,salderseycu@pcworld.com,Female,15.112.87.195
464,Wheeler,Orwin,worwincv@posterous.com,Male,77.225.208.237
465,Jule,Fryd,jfrydcw@engadget.com,Male,220.102.90.46
466,Cathee,Herrero,cherrerocx@yahoo.com,Female,153.22.112.234
467,Alene,Heinzel,aheinzelcy@blogspot.com,Agender,169.187.103.205
468,Redford,Whatley,rwhatleycz@unicef.org,Male,75.171.204.122
469,Deanne,Vasin,dvasind0@xinhuanet.com,Female,120.69.149.116
470,Gabbi,Varley,gvarleyd1@ocn.ne.jp,Female,209.217.171.113
471,Merrili,Buckston,mbuckstond2@naver.com,Female,119.133.54.180
472,Bea,Glusby,bglusbyd3@hugedomains.com,Bigender,90.23.43.124
473,Joshia,Selwin,jselwind4@state.gov,Male,131.134.2.242
474,Ermentrude,Shute,eshuted5@lycos.com,Female,103.95.5.15
475,Gabi,Seacombe,gseacombed6@imdb.com,Female,231.253.252.74
476,Edvard,Salvador,esalvadord7@slideshare.net,Male,103.214.179.81
477,Maisie,Grahlman,mgrahlmand8@simplemachines.org,Female,4.192.251.0
478,Kiel,Lait,klaitd9@xrea.com,Male,107.182.90.161
479,Aubrey,De Biaggi,adebiaggida@cocolog-nifty.com,Male,3.28.117.230
480,Cristina,Behninck,cbehninckdb@apache.org,Female,203.142.69.95
481,Abdel,Mansell,amanselldc@ftc.gov,Male,154.168.247.117
482,Norine,Cushe,ncushedd@printfriendly.com,Agender,191.105.118.245
483,Jarvis,Duinkerk,jduinkerkde@oaic.gov.au,Male,239.180.178.109
484,Jessie,Maddigan,jmaddigandf@hibu.com,Female,100.206.223.50
485,Cheslie,Liven,clivendg@webs.com,Female,129.118.71.214
486,Beau,Frankiss,bfrankissdh@cisco.com,Male,235.25.227.254
487,Cordelia,Wilmut,cwilmutdi@army.mil,Female,153.184.28.247
488,Jan,Connar,jconnardj@youku.com,Male,7.171.158.231
489,Malena,Dorracott,mdorracottdk@canalblog.com,Female,8.75.237.209
490,Kiri,Shoveller,kshovellerdl@woothemes.com,Polygender,46.4.14.84
491,Maura,Riach,mriachdm@mashable.com,Polygender,236.253.63.250
492,Sigismund,Devons,sdevonsdn@bloglovin.com,Male,165.141.2.21
493,Sarette,Woodruff,swoodruffdo@gov.uk,Female,224.15.105.74
494,Dolores,Eldridge,deldridgedp@storify.com,Female,186.55.24.241
495,Trumaine,Frissell,tfrisselldq@amazon.co.uk,Male,49.58.114.75
496,Breena,Veryard,bveryarddr@omniture.com,Female,172.57.57.161
497,Pattin,Mallows,pmallowsds@abc.net.au,Male,54.35.69.26
498,Hayden,Devonald,hdevonalddt@pbs.org,Male,208.112.208.161
499,Thorin,Curm,tcurmdu@jalbum.net,Male,194.32.143.166
500,Modestia,Quilligan,mquilligandv@xrea.com,Female,25.21.217.77
501,Haslett,Chelsom,hchelsomdw@sitemeter.com,Male,170.86.75.212
502,Ezri,Whitbread,ewhitbreaddx@photobucket.com,Male,67.97.80.18
503,Nani,Maberley,nmaberleydy@imdb.com,Female,171.15.229.88
504,Eddi,Uvedale,euvedaledz@vkontakte.ru,Female,89.173.95.115
505,Shaine,Alenikov,salenikove0@bizjournals.com,Polygender,85.160.133.95
506,Ashleigh,Stanford,astanforde1@mit.edu,Female,242.63.78.84
507,Coop,Baptist,cbaptiste2@newsvine.com,Male,172.16.235.223
508,Shoshana,Makey,smakeye3@scientificamerican.com,Female,226.46.223.105
509,Alysia,Snowden,asnowdene4@java.com,Genderfluid,93.112.55.174
510,Nilson,Street,nstreete5@eventbrite.com,Male,181.139.72.205
511,Nerty,Ride,nridee6@naver.com,Female,152.141.127.130
512,Meridith,Clemintoni,mclemintonie7@businessinsider.com,Female,70.213.4.173
513,Norry,Baigent,nbaigente8@google.co.uk,Male,111.44.137.239
514,Sibella,Long,slonge9@engadget.com,Female,144.226.224.247
515,Reyna,Robillard,rrobillardea@businessweek.com,Agender,51.3.94.205
516,Stephanie,Jammes,sjammeseb@cafepress.com,Female,93.62.36.254
517,Tait,Utridge,tutridgeec@nyu.edu,Male,35.25.254.40
518,Nicolina,Struis,nstruised@sciencedaily.com,Female,35.110.40.189
519,Dani,Petrik,dpetrikee@ted.com,Female,34.104.247.177
520,Roberta,Click,rclickef@dropbox.com,Female,49.215.248.242
521,Emylee,Primak,eprimakeg@goo.gl,Female,114.211.213.123
522,Charissa,Farguhar,cfarguhareh@studiopress.com,Female,238.178.130.221
523,Royce,Payfoot,rpayfootei@ehow.com,Genderqueer,240.209.242.4
524,Dina,Altham,dalthamej@sun.com,Female,199.50.72.44
525,Olympia,Setch,osetchek@yahoo.co.jp,Female,180.208.33.66
526,Farly,Larmuth,flarmuthel@weather.com,Male,19.249.155.137
527,Euell,Desborough,edesboroughem@pcworld.com,Male,43.141.23.178
528,Quentin,Lemon,qlemonen@seesaa.net,Female,115.93.11.205
529,Melita,Rosindill,mrosindilleo@typepad.com,Female,153.73.235.149
530,Jenifer,Dobson,jdobsonep@microsoft.com,Female,58.34.27.185
531,Patin,Belchem,pbelchemeq@blinklist.com,Male,165.164.103.128
532,Gayler,Cutridge,gcutridgeer@reverbnation.com,Male,42.86.169.139
533,Xylina,Gilvear,xgilveares@elegantthemes.com,Female,147.159.33.232
534,Alley,McMonies,amcmonieset@delicious.com,Male,208.132.239.28
535,Elsie,Robertazzi,erobertazzieu@shareasale.com,Female,191.9.54.131
536,Ernesta,Willacot,ewillacotev@comsenz.com,Female,190.181.235.73
537,Candie,Allon,callonew@vistaprint.com,Female,69.174.99.250
538,Kenny,Allom,kallomex@mashable.com,Agender,68.90.118.25
539,Nicola,Zanetto,nzanettoey@engadget.com,Male,150.55.240.42
540,Jacklyn,Holt,jholtez@360.cn,Female,102.73.182.11
541,Vittorio,Knightly,vknightlyf0@taobao.com,Male,168.13.135.141
542,Emanuel,Scholl,eschollf1@last.fm,Male,70.7.122.80
543,Camella,Dignall,cdignallf2@live.com,Female,48.85.248.61
544,Kaylyn,Bowsher,kbowsherf3@smh.com.au,Female,149.162.94.18
545,Jarrid,Cleal,jclealf4@oracle.com,Male,10.139.125.139
546,Ches,Phillips,cphillipsf5@forbes.com,Male,65.201.1.84
547,Tish,Tolefree,ttolefreef6@ifeng.com,Female,232.168.143.25
548,Meier,Godsil,mgodsilf7@com.com,Male,169.158.238.252
549,Michaela,Keighley,mkeighleyf8@topsy.com,Female,255.87.222.91
550,Roselia,Batteson,rbattesonf9@tinyurl.com,Female,252.201.21.61
551,Urbano,Heavens,uheavensfa@slideshare.net,Male,179.207.131.142
552,Montgomery,Clingoe,mclingoefb@indiatimes.com,Male,209.149.73.233
553,Terrel,Climie,tclimiefc@intel.com,Male,47.199.215.47
554,Sadella,Quinnell,squinnellfd@sciencedaily.com,Non-binary,246.62.226.242
555,Robin,Tarzey,rtarzeyfe@sakura.ne.jp,Female,32.135.194.212
556,Myrwyn,Armsby,marmsbyff@paginegialle.it,Male,56.179.63.128
557,Zechariah,Washington,zwashingtonfg@technorati.com,Male,212.123.191.211
558,Baillie,Stout,bstoutfh@geocities.com,Male,93.203.20.231
559,Nikolai,Jedryka,njedrykafi@army.mil,Male,207.5.38.167
560,Ermina,Shale,eshalefj@surveymonkey.com,Female,219.208.2.206
561,Garold,Spirit,gspiritfk@scientificamerican.com,Male,48.16.128.84
562,Geordie,Mara,gmarafl@wikipedia.org,Genderqueer,140.17.118.59
563,Andrey,Gellately,agellatelyfm@jugem.jp,Male,159.95.197.131
564,Layne,Boulsher,lboulsherfn@spotify.com,Female,124.226.175.36
565,Aretha,Rogeron,arogeronfo@guardian.co.uk,Female,163.8.207.84
566,Thomas,Ganders,tgandersfp@va.gov,Male,10.226.224.211
567,Domenico,Tighe,dtighefq@typepad.com,Male,114.42.167.0
568,Damara,Haile,dhailefr@google.co.jp,Female,179.138.31.101
569,Idaline,Dany,idanyfs@free.fr,Female,37.105.236.203
570,Yurik,Popov,ypopovft@admin.ch,Male,192.136.34.201
571,Harriet,Lanahan,hlanahanfu@t.co,Female,176.136.57.105
572,Elle,Aggott,eaggottfv@gmpg.org,Female,118.238.131.88
573,Iona,Gaynesford,igaynesfordfw@google.es,Female,136.188.61.92
574,Melba,Snazel,msnazelfx@blogspot.com,Female,185.58.87.7
575,Laurella,Cannaway,lcannawayfy@wiley.com,Female,140.125.62.225
576,Joyan,Baison,jbaisonfz@theatlantic.com,Female,64.64.250.103
577,Dane,Barth,dbarthg0@cpanel.net,Male,33.219.44.250
578,Torey,Fee,tfeeg1@upenn.edu,Male,134.164.231.118
579,Jessika,Claw,jclawg2@sakura.ne.jp,Female,243.140.209.161
580,Elset,Hallock,ehallockg3@yale.edu,Female,39.229.227.82
581,Catherin,Mead,cmeadg4@nba.com,Female,173.119.68.147
582,Taryn,Dickenson,tdickensong5@so-net.ne.jp,Female,173.111.90.10
583,Eddy,Kleimt,ekleimtg6@netscape.com,Female,65.46.2.74
584,Jeannine,Nary,jnaryg7@yahoo.com,Female,89.40.10.62
585,Nestor,Stride,nstrideg8@wikipedia.org,Bigender,69.122.139.105
586,Sharyl,Blanch,sblanchg9@senate.gov,Female,177.107.81.20
587,Lindsy,Pollett,lpollettga@walmart.com,Female,7.68.247.153
588,Edgardo,Bonnett,ebonnettgb@prnewswire.com,Male,214.180.235.156
589,Hildegarde,Appleford,happlefordgc@ted.com,Female,94.182.202.134
590,Lindy,Cunde,lcundegd@jalbum.net,Genderqueer,71.140.107.240
591,Xymenes,Phidgin,xphidginge@1und1.de,Male,17.171.29.78
592,Anson,Maryan,amaryangf@ucoz.com,Male,1.178.114.1
593,Moise,Pyner,mpynergg@com.com,Male,161.177.255.88
594,Gwynne,Halwell,ghalwellgh@timesonline.co.uk,Female,239.133.102.81
595,Luella,Hansford,lhansfordgi@psu.edu,Agender,66.243.105.19
596,Damara,Poxson,dpoxsongj@wired.com,Non-binary,25.36.167.59
597,Anni,Vidgeon,avidgeongk@mayoclinic.com,Female,214.103.205.247
598,Julianne,Francescone,jfrancesconegl@va.gov,Female,156.21.153.242
599,Fitzgerald,Cleaver,fcleavergm@imageshack.us,Male,87.197.35.184
600,Gibbie,Cridlan,gcridlangn@ifeng.com,Male,6.208.130.52
601,Rosamond,Lindwasser,rlindwassergo@sfgate.com,Genderfluid,27.229.10.242
602,Anjanette,Hess,ahessgp@businessweek.com,Female,96.167.205.175
603,Pacorro,Blackesland,pblackeslandgq@blogtalkradio.com,Male,99.215.242.162
604,Trula,Mawne,tmawnegr@blogs.com,Female,212.113.92.92
605,Barnie,Williscroft,bwilliscroftgs@weibo.com,Bigender,245.155.213.157
606,Erastus,Gratrex,egratrexgt@ucoz.com,Male,11.54.73.118
607,Gardie,Gammade,ggammadegu@mozilla.com,Male,135.150.130.120
608,Andra,Bird,abirdgv@uiuc.edu,Female,51.162.7.198
609,Aveline,Ryburn,aryburngw@fotki.com,Genderfluid,101.3.175.171
610,Regina,Eggar,reggargx@miibeian.gov.cn,Female,121.238.78.164
611,Benedikta,Piken,bpikengy@deliciousdays.com,Female,97.77.216.122
612,Sydel,Wellings,swellingsgz@over-blog.com,Bigender,216.23.94.86
613,Roosevelt,McQuarrie,rmcquarrieh0@psu.edu,Male,116.24.234.2
614,Patrica,Pegler,ppeglerh1@ask.com,Female,37.248.144.122
615,Elianore,Langsbury,elangsburyh2@skyrock.com,Female,102.179.52.0
616,Gert,D'Ambrogi,gdambrogih3@bloglines.com,Genderqueer,122.98.131.212
617,Trevor,Izakoff,tizakoffh4@cornell.edu,Male,137.191.46.193
618,Chrysa,Buttrum,cbuttrumh5@oaic.gov.au,Female,39.227.199.57
619,Odo,Phonix,ophonixh6@ezinearticles.com,Male,16.169.123.175
620,Chrotoem,Fogg,cfoggh7@symantec.com,Male,61.114.71.255
621,Andreas,Riddle,ariddleh8@oakley.com,Male,33.217.3.67
622,Deanna,Comrie,dcomrieh9@youtube.com,Female,251.50.153.175
623,Bobbie,Perotti,bperottiha@canalblog.com,Male,136.14.99.215
624,Halsy,Crippin,hcrippinhb@imgur.com,Male,204.155.186.107
625,Deny,Middleton,dmiddletonhc@google.ca,Female,22.145.167.66
626,Munmro,Langsdon,mlangsdonhd@hugedomains.com,Agender,11.36.108.101
627,Jerri,Hindenberger,jhindenbergerhe@ovh.net,Male,220.112.7.102
628,Ericha,Fakes,efakeshf@homestead.com,Female,180.128.69.195
629,Cherilyn,O'Logan,cologanhg@seesaa.net,Female,114.43.194.67
630,Thaddeus,Biasioni,tbiasionihh@cnbc.com,Male,221.95.200.218
631,Ilsa,Philpin,iphilpinhi@kickstarter.com,Female,147.15.5.87
632,Dukie,Palliser,dpalliserhj@wikipedia.org,Male,55.26.194.232
633,Malvin,Capun,mcapunhk@yale.edu,Male,15.207.212.225
634,Patric,Wonham,pwonhamhl@arizona.edu,Male,54.215.64.208
635,Dimitry,Dewsbury,ddewsburyhm@apple.com,Male,251.146.166.252
636,Dorey,Mayhou,dmayhouhn@github.io,Male,187.177.104.235
637,Iain,Reynault,ireynaultho@rediff.com,Male,173.54.18.163
638,Benjy,McOrkill,bmcorkillhp@jimdo.com,Male,22.177.33.223
639,Romy,O'Moylane,romoylanehq@ehow.com,Female,213.233.19.39
640,Linnell,Tomei,ltomeihr@shop-pro.jp,Female,31.44.187.165
641,Arthur,Haye,ahayehs@washington.edu,Male,166.153.93.230
642,Wylma,Kupisz,wkupiszht@meetup.com,Female,189.30.136.44
643,Darius,Shergold,dshergoldhu@nytimes.com,Male,58.231.93.66
644,Yevette,Dunridge,ydunridgehv@bravesites.com,Female,233.154.169.137
645,Stanislaw,Ciccerale,scicceralehw@nbcnews.com,Male,132.152.221.13
646,Yuri,Jorio,yjoriohx@google.co.jp,Male,35.177.84.172
647,Urson,Valencia,uvalenciahy@epa.gov,Male,217.31.57.15
648,Kala,Hickenbottom,khickenbottomhz@google.cn,Female,115.4.167.94
649,Jasun,Simeonov,jsimeonovi0@omniture.com,Male,253.72.34.49
650,Aundrea,Zorzenoni,azorzenonii1@51.la,Female,56.249.9.94
651,Griffin,McGhee,gmcgheei2@redcross.org,Male,198.140.158.189
652,Etti,Laffan,elaffani3@bravesites.com,Female,99.81.125.211
653,Damita,Peskett,dpesketti4@istockphoto.com,Genderfluid,94.124.89.56
654,Noelani,Found,nfoundi5@typepad.com,Female,109.19.184.64
655,Lucretia,Domsalla,ldomsallai6@networksolutions.com,Female,217.33.86.200
656,Sebastien,Mordacai,smordacaii7@columbia.edu,Male,244.52.14.252
657,Othella,Giffin,ogiffini8@state.gov,Female,243.235.49.28
658,Alex,Jakuszewski,ajakuszewskii9@ocn.ne.jp,Male,102.173.221.250
659,Gena,Niave,gniaveia@umich.edu,Polygender,94.81.253.107
660,Regan,Halkyard,rhalkyardib@admin.ch,Female,134.18.157.87
661,Dante,Scandrick,dscandrickic@yolasite.com,Male,22.62.155.132
662,Gertrud,Jelf,gjelfid@nhs.uk,Female,168.37.60.58
663,Erskine,Drache,edracheie@imgur.com,Male,54.32.93.180
664,Cherice,Drohan,cdrohanif@businessinsider.com,Genderqueer,237.251.126.93
665,Oran,Copello,ocopelloig@shop-pro.jp,Male,128.79.102.125
666,Marris,Long,mlongih@salon.com,Female,156.117.83.122
667,Hilliary,Bente,hbenteii@ning.com,Female,136.20.246.139
668,Roldan,Sawnwy,rsawnwyij@harvard.edu,Male,108.113.247.211
669,Gladys,Fosdike,gfosdikeik@youtube.com,Female,86.38.236.143
670,Edna,Bauduin,ebauduinil@e-recht24.de,Female,212.81.182.244
671,Leeanne,Pothbury,lpothburyim@wunderground.com,Female,167.36.206.196
672,Sigvard,Gert,sgertin@newyorker.com,Male,66.88.211.24
673,Josias,Scholer,jscholerio@sogou.com,Male,5.57.110.212
674,Ermin,Alpe,ealpeip@toplist.cz,Male,63.98.39.48
675,Halie,Josey,hjoseyiq@oakley.com,Female,237.129.135.132
676,Bryna,Linstead,blinsteadir@yandex.ru,Female,113.26.154.147
677,Meghann,Bredes,mbredesis@barnesandnoble.com,Female,47.235.11.182
678,Giselbert,Hastler,ghastlerit@themeforest.net,Male,171.60.14.102
679,Tamqrah,Heinschke,theinschkeiu@chronoengine.com,Female,92.41.119.67
680,Daniel,Jedrys,djedrysiv@merriam-webster.com,Male,233.173.44.85
681,Lizzie,Colmer,lcolmeriw@cnn.com,Non-binary,9.20.65.23
682,Burl,Peche,bpecheix@amazon.de,Male,165.64.50.166
683,Koral,Speke,kspekeiy@phoca.cz,Female,60.207.177.168
684,Theressa,Ick,tickiz@blinklist.com,Non-binary,204.207.68.14
685,Dalt,Fowls,dfowlsj0@amazon.com,Male,196.216.195.190
686,Hildegaard,Crambie,hcrambiej1@ted.com,Bigender,86.108.107.147
687,Marquita,Cobb,mcobbj2@mediafire.com,Female,223.41.42.42
688,Ciel,Nenci,cnencij3@pcworld.com,Female,127.73.243.210
689,Les,McAw,lmcawj4@amazon.co.uk,Bigender,131.202.30.173
690,Engracia,Millhill,emillhillj5@sphinn.com,Female,20.167.6.4
691,Matthieu,Klejin,mklejinj6@usgs.gov,Male,113.106.204.126
692,Gwenny,Keynd,gkeyndj7@skyrock.com,Female,224.17.171.175
693,Stephani,Bissex,sbissexj8@sitemeter.com,Female,2.239.161.133
694,Filmore,Kindon,fkindonj9@booking.com,Male,103.94.176.12
695,Wheeler,Dunseith,wdunseithja@mit.edu,Male,177.139.160.47
696,Dyanna,Demare,ddemarejb@home.pl,Female,111.38.175.248
697,Glenn,Steljes,gsteljesjc@google.com,Male,54.123.223.253
698,Katee,Clausner,kclausnerjd@4shared.com,Female,51.30.93.159
699,Therese,Maliffe,tmaliffeje@ocn.ne.jp,Female,134.34.39.43
700,Derry,Osselton,dosseltonjf@elegantthemes.com,Male,143.102.152.115
701,Neda,McBrady,nmcbradyjg@huffingtonpost.com,Female,194.101.115.48
702,Esta,Sharpin,esharpinjh@china.com.cn,Female,95.203.86.213
703,Leonelle,Dobbson,ldobbsonji@wsj.com,Female,116.63.118.37
704,Skye,Lightwing,slightwingjj@wiley.com,Agender,185.24.215.84
705,Marchall,Wavell,mwavelljk@tmall.com,Male,109.254.215.211
706,Raddie,Kenrat,rkenratjl@toplist.cz,Male,39.91.205.34
707,Charlie,Causier,ccausierjm@weebly.com,Male,74.99.167.76
708,Dewie,Berthomier,dberthomierjn@wikipedia.org,Male,3.138.146.182
709,Trisha,Shelsher,tshelsherjo@wunderground.com,Female,218.144.26.13
710,Clareta,Galloway,cgallowayjp@indiatimes.com,Female,50.24.8.17
711,Stevana,Corry,scorryjq@a8.net,Female,135.250.64.121
712,Jorgan,Covotto,jcovottojr@pcworld.com,Male,72.142.102.220
713,Bronson,Stirtle,bstirtlejs@toplist.cz,Male,152.74.126.79
714,Adolph,Cundey,acundeyjt@bigcartel.com,Male,15.9.21.72
715,Baily,Gligori,bgligoriju@mit.edu,Male,66.162.147.46
716,Christiane,Jimenez,cjimenezjv@dmoz.org,Female,187.125.130.46
717,Sollie,Steljes,ssteljesjw@miibeian.gov.cn,Male,235.158.158.80
718,Galvan,Philliskirk,gphilliskirkjx@jiathis.com,Male,41.11.79.0
719,Shaylynn,Teal,stealjy@nsw.gov.au,Female,79.229.59.52
720,Terrijo,Dofty,tdoftyjz@pinterest.com,Bigender,46.69.114.49
721,Clea,Fellgatt,cfellgattk0@japanpost.jp,Female,68.194.173.230
722,Pamelina,Aarons,paaronsk1@sphinn.com,Female,241.210.135.140
723,Merola,Impey,mimpeyk2@simplemachines.org,Female,137.237.151.194
724,Bret,Croyser,bcroyserk3@g.co,Male,242.47.158.218
725,Misha,Dockray,mdockrayk4@creativecommons.org,Female,91.12.75.153
726,Melosa,Mangeney,mmangeneyk5@drupal.org,Female,139.230.37.175
727,Teri,Goomes,tgoomesk6@zdnet.com,Female,100.234.213.86
728,Derby,Aristide,daristidek7@latimes.com,Male,242.155.16.249
729,Sephira,Frere,sfrerek8@jimdo.com,Female,170.44.1.211
730,Armstrong,Castilla,acastillak9@answers.com,Male,39.167.55.175
731,Sheffy,Eldon,seldonka@biglobe.ne.jp,Male,74.76.135.154
732,Serene,Putson,sputsonkb@independent.co.uk,Female,213.51.201.122
733,Jill,Doneld,jdoneldkc@mozilla.org,Agender,98.19.32.64
734,Wynn,Houten,whoutenkd@japanpost.jp,Female,218.39.136.224
735,Renae,D'eathe,rdeatheke@nsw.gov.au,Female,174.100.219.254
736,Rowena,Ritmeyer,rritmeyerkf@technorati.com,Female,189.3.79.99
737,Lazar,Kluger,lklugerkg@addthis.com,Male,146.206.219.2
738,Rockey,Hawkins,rhawkinskh@gov.uk,Male,184.199.146.246
739,Darice,Mablestone,dmablestoneki@goo.ne.jp,Female,207.224.27.144
740,Gipsy,Yarnall,gyarnallkj@earthlink.net,Female,88.94.62.191
741,Debra,Luckin,dluckinkk@harvard.edu,Female,163.162.62.124
742,Emmalee,Aughton,eaughtonkl@google.com,Female,132.146.14.192
743,Kimberly,Petegrew,kpetegrewkm@imdb.com,Female,33.200.74.208
744,Kermit,Greeves,kgreeveskn@whitehouse.gov,Male,82.182.213.217
745,Freeman,Lurner,flurnerko@indiegogo.com,Male,75.88.61.217
746,Hendrick,Shankland,hshanklandkp@abc.net.au,Male,215.63.122.22
747,Ashlan,Kindall,akindallkq@xing.com,Female,57.104.78.61
748,Roobbie,Paulmann,rpaulmannkr@storify.com,Female,123.54.145.222
749,Naoma,Saunderson,nsaundersonks@reference.com,Female,252.56.223.129
750,Karrie,Hamner,khamnerkt@yale.edu,Female,126.49.176.36
751,Nat,O'Carmody,nocarmodyku@wikimedia.org,Genderqueer,66.200.157.73
752,Rosanna,MacGilfoyle,rmacgilfoylekv@indiegogo.com,Female,82.13.67.2
753,Jarrid,Larmuth,jlarmuthkw@independent.co.uk,Male,9.86.155.62
754,Elmer,Heavyside,eheavysidekx@wix.com,Male,164.255.6.247
755,Shurlock,Bermingham,sberminghamky@tripadvisor.com,Male,170.140.18.247
756,Shelley,Skate,sskatekz@home.pl,Female,248.223.10.31
757,Ediva,Gannicleff,egannicleffl0@disqus.com,Non-binary,145.133.45.154
758,Teresita,De'Ath,tdeathl1@nature.com,Female,217.169.106.218
759,Giffy,Nettles,gnettlesl2@ucla.edu,Male,175.187.43.211
760,Graeme,Elia,gelial3@intel.com,Male,79.75.6.162
761,Lawry,Crossingham,lcrossinghaml4@answers.com,Male,24.91.137.88
762,Lind,Yantsev,lyantsevl5@qq.com,Female,93.192.145.222
763,Faydra,Iddons,fiddonsl6@gnu.org,Female,209.253.65.234
764,Miles,Eliesco,meliescol7@4shared.com,Male,182.236.233.209
765,Tremain,Dikes,tdikesl8@google.ru,Male,157.82.6.209
766,Bell,Jerrome,bjerromel9@zdnet.com,Female,211.109.16.118
767,Brook,Shelp,bshelpla@unc.edu,Female,155.118.27.54
768,Vance,Crumpe,vcrumpelb@dailymail.co.uk,Male,16.97.10.154
769,Glenden,Bradwell,gbradwelllc@marketwatch.com,Genderqueer,222.19.210.169
770,Buddie,Faivre,bfaivreld@reference.com,Male,236.23.67.110
771,Carrissa,Merigot,cmerigotle@auda.org.au,Polygender,155.181.226.238
772,Godard,Bignold,gbignoldlf@weibo.com,Male,0.188.160.63
773,Seana,Lowndsborough,slowndsboroughlg@i2i.jp,Female,171.70.106.150
774,Krishnah,Thurber,kthurberlh@e-recht24.de,Male,249.181.228.96
775,Araldo,Spear,aspearli@nba.com,Male,51.178.172.22
776,Wes,Poynser,wpoynserlj@vk.com,Male,214.28.40.20
777,Ardelis,Drews,adrewslk@mit.edu,Bigender,19.113.167.171
778,Moses,Tsarovic,mtsarovicll@bing.com,Male,241.152.210.252
779,Lonnie,Broker,lbrokerlm@booking.com,Female,124.160.23.167
780,Nadya,Stoak,nstoakln@tamu.edu,Female,124.129.19.153
781,Joyan,Rontree,jrontreelo@mayoclinic.com,Female,239.47.46.251
782,Aurilia,Burberry,aburberrylp@google.nl,Female,222.39.129.12
783,Martynne,Hounsham,mhounshamlq@bloomberg.com,Female,235.242.222.14
784,Gweneth,Croydon,gcroydonlr@census.gov,Female,174.201.129.44
785,Wendi,Hullot,whullotls@wikipedia.org,Female,226.192.49.121
786,Thom,Izac,tizaclt@nytimes.com,Male,144.203.33.36
787,Lockwood,Iron,lironlu@desdev.cn,Male,18.216.97.89
788,Ahmed,Grimwade,agrimwadelv@infoseek.co.jp,Male,229.111.67.92
789,Lanna,Eingerfield,leingerfieldlw@comcast.net,Female,106.213.135.233
790,Sayers,Mewes,smeweslx@macromedia.com,Male,16.21.124.99
791,Roch,Baguley,rbaguleyly@friendfeed.com,Female,48.124.120.104
792,Nonie,Eadmeades,neadmeadeslz@tumblr.com,Female,238.176.17.106
793,Marget,Murcott,mmurcottm0@ebay.com,Female,165.37.160.156
794,Faber,Catherall,fcatherallm1@usnews.com,Male,8.110.50.187
795,Ingmar,Wannes,iwannesm2@nationalgeographic.com,Male,199.141.65.170
796,Dennison,Macquire,dmacquirem3@sbwire.com,Bigender,217.195.167.38
797,Tricia,Shayler,tshaylerm4@desdev.cn,Female,26.5.241.221
798,Morgen,Girardey,mgirardeym5@seesaa.net,Male,178.16.75.226
799,Hurlee,Manhare,hmanharem6@dmoz.org,Male,98.30.103.202
800,Vic,Isgate,visgatem7@toplist.cz,Male,37.109.136.91
801,Woodman,MacCourt,wmaccourtm8@wiley.com,Male,235.251.159.155
802,Kacey,Mynott,kmynottm9@psu.edu,Female,218.139.17.90
803,Zsa zsa,Mungham,zmunghamma@myspace.com,Female,71.117.0.87
804,Rachael,Lidgley,rlidgleymb@icio.us,Female,87.183.236.246
805,Irene,Eyree,ieyreemc@istockphoto.com,Female,100.69.117.228
806,Caitrin,Costello,ccostellomd@oracle.com,Female,144.4.88.247
807,Chev,Vinick,cvinickme@earthlink.net,Genderfluid,171.142.161.76
808,Junia,Cund,jcundmf@ihg.com,Female,105.249.38.23
809,Trixie,Junifer,tjunifermg@1688.com,Female,250.56.211.15
810,Nap,Roan,nroanmh@ehow.com,Male,42.239.0.18
811,Ode,Spinney,ospinneymi@sciencedirect.com,Male,240.117.59.27
812,Nathanael,Wolfart,nwolfartmj@t-online.de,Male,106.182.190.94
813,Mufinella,Cowdry,mcowdrymk@ft.com,Female,38.8.105.204
814,Garland,Dils,gdilsml@tinyurl.com,Female,65.195.103.12
815,Tommie,Timny,ttimnymm@live.com,Female,103.85.8.55
816,Marla,Brik,mbrikmn@dyndns.org,Female,43.232.198.128
817,Obadiah,Byfield,obyfieldmo@oracle.com,Male,237.136.157.63
818,Pier,Dodwell,pdodwellmp@hatena.ne.jp,Female,40.186.167.59
819,Mufi,Satterfitt,msatterfittmq@surveymonkey.com,Genderqueer,18.84.193.185
820,Casi,Mews,cmewsmr@vkontakte.ru,Female,128.32.248.19
821,Blinnie,Claypole,bclaypolems@jugem.jp,Female,93.225.174.137
822,Fabio,Allright,fallrightmt@ucsd.edu,Male,129.218.47.38
823,Louie,Christoffersen,lchristoffersenmu@elpais.com,Male,244.63.4.54
824,Dolorita,Swanston,dswanstonmv@vkontakte.ru,Female,235.11.135.33
825,Mildrid,Matyushenko,mmatyushenkomw@sina.com.cn,Female,15.101.67.108
826,Antonetta,Barthrup,abarthrupmx@dion.ne.jp,Female,152.203.29.202
827,Victoria,Gemelli,vgemellimy@freewebs.com,Female,246.199.14.187
828,Emanuel,Trewinnard,etrewinnardmz@comsenz.com,Male,96.89.147.212
829,Denney,Manifold,dmanifoldn0@dailymotion.com,Male,134.209.11.52
830,Dalston,Gabbatiss,dgabbatissn1@wired.com,Male,255.172.180.165
831,Rochella,Grimwood,rgrimwoodn2@pagesperso-orange.fr,Agender,159.26.149.9
832,Christie,Mulroy,cmulroyn3@yale.edu,Female,110.219.116.153
833,Keri,Filler,kfillern4@paginegialle.it,Female,190.255.18.22
834,Christie,Danilovic,cdanilovicn5@ask.com,Female,139.103.154.57
835,Jeremias,Fickling,jficklingn6@japanpost.jp,Male,108.224.153.116
836,Marie-ann,Stigell,mstigelln7@economist.com,Female,55.8.250.108
837,Gianna,Callister,gcallistern8@howstuffworks.com,Bigender,191.176.30.78
838,Caroljean,Marchington,cmarchingtonn9@nature.com,Female,84.66.220.147
839,Kendall,Huard,khuardna@quantcast.com,Male,232.109.89.198
840,Odo,Minster,ominsternb@jimdo.com,Male,133.95.12.149
841,Ralf,Macrae,rmacraenc@ifeng.com,Male,153.29.55.138
842,Ephrem,Vasiljevic,evasiljevicnd@state.tx.us,Male,158.97.151.214
843,Dyana,Ribbens,dribbensne@uiuc.edu,Female,145.58.87.199
844,Augusta,Taplin,ataplinnf@wikia.com,Female,232.25.148.148
845,Katleen,Bernath,kbernathng@msn.com,Female,59.51.72.241
846,Mickie,Chettle,mchettlenh@cnn.com,Male,157.123.28.16
847,Allina,Dahmke,adahmkeni@marketwatch.com,Female,240.20.54.86
848,Patty,Cayle,pcaylenj@plala.or.jp,Genderfluid,161.212.139.70
849,Cleveland,Tebboth,ctebbothnk@hatena.ne.jp,Male,124.206.44.63
850,Kassia,D'Adda,kdaddanl@shop-pro.jp,Polygender,255.20.177.151
851,Mercy,Colerick,mcolericknm@vimeo.com,Female,18.152.99.101
852,Kara,Quenby,kquenbynn@admin.ch,Female,45.42.58.238
853,Carlynne,Gawler,cgawlerno@biblegateway.com,Female,124.33.219.83
854,Chico,Abbot,cabbotnp@wikipedia.org,Male,159.34.151.13
855,Janeva,Govini,jgovininq@opensource.org,Female,101.5.25.17
856,Shirlene,Forcade,sforcadenr@dailymail.co.uk,Female,42.234.138.251
857,Judon,Murrill,jmurrillns@naver.com,Male,183.247.164.153
858,Crissy,Andrelli,candrellint@gmpg.org,Female,10.130.174.66
859,Monique,Kubas,mkubasnu@shinystat.com,Female,232.73.33.8
860,Tripp,Hubble,thubblenv@paypal.com,Male,200.107.221.44
861,Ezra,Durnill,edurnillnw@opera.com,Male,223.10.107.34
862,Kendall,Painswick,kpainswicknx@acquirethisname.com,Male,233.57.251.85
863,Herman,Foxten,hfoxtenny@hostgator.com,Male,22.83.220.170
864,Damian,By,dbynz@vk.com,Male,5.209.199.139
865,Rice,Gutman,rgutmano0@desdev.cn,Male,164.52.56.84
866,Ingeberg,Pickerell,ipickerello1@bandcamp.com,Female,9.212.68.91
867,Lurline,Woolis,lwooliso2@1und1.de,Female,184.70.104.64
868,Robina,Rankcom,rrankcomo3@toplist.cz,Female,139.42.201.106
869,Editha,Lawdham,elawdhamo4@forbes.com,Bigender,38.236.248.203
870,Trevar,Foard,tfoardo5@cargocollective.com,Male,16.68.109.124
871,Paddy,de Werk,pdewerko6@pagesperso-orange.fr,Male,222.6.168.124
872,Jenica,Whalebelly,jwhalebellyo7@ucsd.edu,Female,141.36.148.103
873,Alaster,Tattam,atattamo8@cbsnews.com,Male,14.26.219.160
874,Lyndy,Yitzhak,lyitzhako9@simplemachines.org,Female,150.75.202.181
875,Julius,Shmyr,jshmyroa@walmart.com,Male,119.102.150.112
876,Yolane,Queyeiro,yqueyeiroob@yandex.ru,Female,117.40.54.114
877,Pedro,Snedker,psnedkeroc@reverbnation.com,Male,40.56.248.236
878,Philippa,Stronach,pstronachod@dyndns.org,Female,213.152.121.109
879,Teodoro,Lowes,tlowesoe@imdb.com,Male,123.152.12.140
880,Querida,Coburn,qcoburnof@washingtonpost.com,Female,136.211.37.136
881,Adey,Littlewood,alittlewoodog@bluehost.com,Female,226.197.129.218
882,Reeba,Bodicum,rbodicumoh@kickstarter.com,Female,235.162.189.192
883,Eunice,Jervoise,ejervoiseoi@youtu.be,Female,166.168.209.149
884,Ursuline,Renbold,urenboldoj@amazon.com,Female,14.202.162.36
885,Marielle,Seater,mseaterok@tripadvisor.com,Female,68.43.244.6
886,Anthony,Avory,aavoryol@ovh.net,Male,100.65.178.178
887,Molly,Gehrts,mgehrtsom@wix.com,Female,47.50.221.254
888,Dodie,Ales,daleson@alibaba.com,Female,153.249.186.130
889,Paxton,Bartlam,pbartlamoo@creativecommons.org,Male,155.154.213.145
890,Hy,Tort,htortop@scribd.com,Male,176.226.189.175
891,Olenolin,Aizic,oaizicoq@marketwatch.com,Male,104.144.108.59
892,Kimble,Aberchirder,kaberchirderor@mail.ru,Male,225.30.133.116
893,Niles,Keating,nkeatingos@wufoo.com,Male,248.76.33.236
894,Adina,Meenan,ameenanot@a8.net,Female,24.66.140.38
895,Melvin,Jiroutek,mjiroutekou@bing.com,Male,147.96.85.231
896,Anastassia,Brecken,abreckenov@hao123.com,Female,18.209.182.33
897,Ruby,Speechly,rspeechlyow@adobe.com,Male,242.124.146.250
898,Dene,MacGuigan,dmacguiganox@mayoclinic.com,Male,53.233.70.12
899,Justis,Plews,jplewsoy@cisco.com,Male,192.244.61.111
900,June,Errey,jerreyoz@barnesandnoble.com,Female,166.142.245.252
901,Salvatore,Coulthurst,scoulthurstp0@arstechnica.com,Male,205.24.56.220
902,Evaleen,Hattrick,ehattrickp1@craigslist.org,Female,120.12.32.190
903,Elvina,Sivell,esivellp2@desdev.cn,Female,15.206.133.250
904,Kira,Usmar,kusmarp3@amazon.co.uk,Female,208.85.178.37
905,Roze,Madoc-Jones,rmadocjonesp4@shareasale.com,Female,229.141.120.178
906,Bondie,Hambers,bhambersp5@w3.org,Male,246.4.108.10
907,Phyllys,Dowsing,pdowsingp6@deliciousdays.com,Female,19.252.151.159
908,Benni,Walne,bwalnep7@elpais.com,Female,234.166.148.85
909,Pietro,Pirozzi,ppirozzip8@gravatar.com,Male,100.138.159.71
910,Jennifer,Wager,jwagerp9@hatena.ne.jp,Female,117.82.213.71
911,Madella,Chattell,mchattellpa@taobao.com,Female,103.246.34.121
912,Krisha,Waddup,kwadduppb@netvibes.com,Male,110.24.125.13
913,Barnabas,Orgee,borgeepc@printfriendly.com,Male,111.155.44.18
914,Sophi,McAw,smcawpd@tmall.com,Female,87.167.188.68
915,Ermanno,Deegan,edeeganpe@sourceforge.net,Male,230.195.92.245
916,Chico,Dreini,cdreinipf@cbslocal.com,Male,77.131.36.167
917,Enrique,Cadney,ecadneypg@simplemachines.org,Male,250.89.82.246
918,Cristi,Lorenzetto,clorenzettoph@epa.gov,Female,10.29.46.177
919,Devon,Marzella,dmarzellapi@fastcompany.com,Female,223.17.6.107
920,Myranda,Gilliatt,mgilliattpj@shinystat.com,Agender,22.17.224.39
921,Virge,Mowlam,vmowlampk@woothemes.com,Male,143.217.20.199
922,Silas,Andre,sandrepl@tmall.com,Male,158.5.233.34
923,Tracie,Podbury,tpodburypm@noaa.gov,Male,93.14.87.250
924,Aron,Brimilcome,abrimilcomepn@cornell.edu,Male,198.46.19.181
925,Keene,Montilla,kmontillapo@tinypic.com,Genderfluid,48.6.52.70
926,Laurena,Feore,lfeorepp@prweb.com,Female,151.113.42.161
927,Bail,Mee,bmeepq@1und1.de,Male,132.65.147.237
928,Eugine,Flowitt,eflowittpr@a8.net,Bigender,37.22.80.128
929,Abe,Trousdell,atrousdellps@berkeley.edu,Male,56.192.252.187
930,Nedda,Spedding,nspeddingpt@so-net.ne.jp,Female,191.174.140.95
931,Ange,Joysey,ajoyseypu@yahoo.co.jp,Female,248.219.213.247
932,Christin,Duignan,cduignanpv@noaa.gov,Female,60.39.9.5
933,Norma,Vaissiere,nvaissierepw@ning.com,Female,41.104.83.57
934,Barr,Pancoast,bpancoastpx@livejournal.com,Male,23.149.54.136
935,Marje,Nisby,mnisbypy@miitbeian.gov.cn,Polygender,148.6.196.34
936,Jerad,Oddie,joddiepz@forbes.com,Male,25.183.83.160
937,Kara,Flarity,kflarityq0@google.pl,Female,21.249.16.40
938,Jacquetta,Denford,jdenfordq1@example.com,Female,94.126.104.150
939,Cody,Hindmoor,chindmoorq2@deviantart.com,Male,249.150.103.205
940,Larissa,Savins,lsavinsq3@squidoo.com,Female,155.96.108.176
941,Conni,Outibridge,coutibridgeq4@geocities.com,Female,186.186.175.196
942,Tull,Elcombe,telcombeq5@odnoklassniki.ru,Male,211.240.33.225
943,Kin,Paolini,kpaoliniq6@springer.com,Male,23.217.193.63
944,Sidnee,Henfre,shenfreq7@ted.com,Male,15.222.95.246
945,Allayne,Dimic,adimicq8@purevolume.com,Male,42.104.98.58
946,Gayle,Boullen,gboullenq9@scientificamerican.com,Male,47.218.167.109
947,Addy,Lowdes,alowdesqa@addtoany.com,Male,240.32.172.2
948,Issiah,Blaisdale,iblaisdaleqb@dailymotion.com,Male,77.105.102.78
949,Jessica,Nairn,jnairnqc@wsj.com,Genderfluid,181.4.110.11
950,Ban,Proschek,bproschekqd@examiner.com,Male,81.47.187.135
951,Dominic,Bestiman,dbestimanqe@auda.org.au,Male,212.104.119.4
952,L;urette,Bartomeu,lbartomeuqf@nydailynews.com,Female,198.96.34.108
953,Trefor,Leborgne,tleborgneqg@youku.com,Bigender,244.167.213.27
954,Nance,Hollerin,nhollerinqh@intel.com,Female,112.169.240.195
955,Nikos,Grime,ngrimeqi@ezinearticles.com,Male,207.126.8.229
956,Louie,Granville,lgranvilleqj@friendfeed.com,Male,208.11.82.49
957,Consalve,Sydall,csydallqk@deliciousdays.com,Polygender,245.13.3.155
958,Britta,Salliere,bsalliereql@google.de,Female,205.179.22.65
959,Thain,Tappor,ttapporqm@ovh.net,Male,189.227.174.69
960,Sapphire,Sesons,ssesonsqn@meetup.com,Female,105.133.16.64
961,Kimmi,Windus,kwindusqo@dailymail.co.uk,Polygender,187.189.182.128
962,Kariotta,Bosward,kboswardqp@xinhuanet.com,Female,17.133.44.72
963,Clayborne,Pittson,cpittsonqq@engadget.com,Male,178.242.207.11
964,Pearl,Bediss,pbedissqr@alexa.com,Female,127.182.203.133
965,Irina,Scawton,iscawtonqs@xing.com,Female,52.16.121.164
966,Odelle,Dyte,odyteqt@loc.gov,Female,139.145.232.215
967,Tomas,Po,tpoqu@usgs.gov,Male,93.106.87.70
968,Galen,Bordone,gbordoneqv@reference.com,Genderqueer,45.36.108.143
969,Reynolds,Feehan,rfeehanqw@tinypic.com,Male,124.19.233.104
970,Hanson,Tedder,htedderqx@google.com,Male,176.233.38.241
971,Marie-ann,Leneve,mleneveqy@ft.com,Female,241.204.4.100
972,Marie-jeanne,Coultass,mcoultassqz@goo.gl,Female,151.33.235.80
973,Dayle,Stenet,dstenetr0@1und1.de,Female,250.153.105.82
974,Ruperto,Renol,rrenolr1@msu.edu,Male,27.115.59.57
975,Mathilda,Halkyard,mhalkyardr2@smugmug.com,Female,86.137.14.53
976,Pooh,Spiteri,pspiterir3@fastcompany.com,Genderfluid,12.20.248.221
977,Chandler,Adolfson,cadolfsonr4@archive.org,Male,132.95.90.188
978,Albert,Challace,achallacer5@webmd.com,Genderfluid,46.180.187.13
979,Fabio,Long,flongr6@ameblo.jp,Male,131.228.244.146
980,Ara,Pothergill,apothergillr7@ed.gov,Female,44.45.2.183
981,Tonie,Giacomo,tgiacomor8@webeden.co.uk,Female,52.149.154.45
982,Evey,Gislebert,egislebertr9@alexa.com,Female,164.71.179.23
983,Clark,New,cnewra@icio.us,Male,35.134.250.106
984,Denis,Courson,dcoursonrb@t-online.de,Male,171.160.182.44
985,Marie-jeanne,Beazer,mbeazerrc@nytimes.com,Female,72.185.76.24
986,Nichol,Lewry,nlewryrd@blogs.com,Polygender,17.1.76.171
987,Ingemar,Arnaez,iarnaezre@omniture.com,Bigender,53.126.155.29
988,Jaimie,Vaughten,jvaughtenrf@sourceforge.net,Female,169.162.185.108
989,Sheilakathryn,Semerad,ssemeradrg@cdc.gov,Female,111.248.160.109
990,Leese,Labern,llabernrh@domainmarket.com,Female,235.179.107.12
991,Allys,Choldcroft,acholdcroftri@ox.ac.uk,Female,145.122.136.218
992,Randa,Gibb,rgibbrj@icq.com,Female,18.83.139.21
993,Georgi,Dalgarnocht,gdalgarnochtrk@ucoz.com,Male,78.194.108.17
994,Brittney,Faussett,bfaussettrl@japanpost.jp,Female,142.60.215.219
995,Debera,Shipway,dshipwayrm@kickstarter.com,Female,255.135.22.217
996,Marty,St Angel,mstangelrn@howstuffworks.com,Female,134.40.136.42
997,Neron,Berkowitz,nberkowitzro@sciencedirect.com,Male,45.69.70.106
998,Doti,McCart,dmccartrp@blogs.com,Female,28.240.15.194
999,Marina,Lyburn,mlyburnrq@posterous.com,Female,94.172.49.92
1000,Corrinne,Rennard,crennardrr@usnews.com,Female,78.112.195.41
